<?xml version="1.0" encoding="UTF-8"?>
<beans xmlns="http://www.springframework.org/schema/beans"
	xmlns:xsi="http://www.w3.org/2001/XMLSchema-instance"
	xmlns:tx="http://www.springframework.org/schema/tx"
	xsi:schemaLocation="http://www.springframework.org/schema/beans http://www.springframework.org/schema/beans/spring-beans-3.1.xsd
       http://www.springframework.org/schema/tx http://www.springframework.org/schema/tx/spring-tx-3.1.xsd"
        >

	<bean id="monitoringAdvisor" class="net.bull.javamelody.MonitoringSpringAdvisor">
		<property name="pointcut">
			<bean class="net.bull.javamelody.MonitoredWithAnnotationPointcut"/>
		</property>
	</bean>
<bean id="monitoringAdvice" class="net.bull.javamelody.MonitoringSpringInterceptor" />
	<bean id="monitoringPointcut" class="net.bull.javamelody.MonitoredWithAnnotationPointcut" />

	<bean id="springDataSourceBeanPostProcessor" class="net.bull.javamelody.SpringDataSourceBeanPostProcessor">
		<!--
		<property name="excludedDatasources">
			<set>
				<value>excludedDataSourceName</value>
			</set>
		</property>
		-->
 	</bean>

 
	<bean class="org.springframework.aop.framework.autoproxy.DefaultAdvisorAutoProxyCreator"/>
 <bean id="facadeMonitoringAdvisor-Service" class="net.bull.javamelody.MonitoringSpringAdvisor">
                <property name="pointcut">
                        <bean class="net.bull.javamelody.MonitoredWithInterfacePointcut">
                                <property name="interfaceName" value="com.quickbuild.QuickBuild.service.generic.IGenericService" />
                        </bean>
                </property>
        </bean>
        <bean id="facadeMonitoringAdvisor-Dao" class="net.bull.javamelody.MonitoringSpringAdvisor">
                <property name="pointcut">
                        <bean class="net.bull.javamelody.MonitoredWithInterfacePointcut">
                               <property name="interfaceName" value="com.quickbuild.QuickBuild.dao.generic.IGenericDao" />
                        </bean>
                </property>
        </bean>
	
</beans>
