<?xml version="1.0"?>
<enunciate xmlns:xsi="http://www.w3.org/2001/XMLSchema-instance"
	xsi:noNamespaceSchemaLocation="http://enunciate.codehaus.org/schemas/enunciate-1.21.xsd">

	 <api-classes>
	   <exclude pattern="com.quickbuild.api.**"/>    
	 </api-classes>
	 <deployment host="localhost:8080" />
	 
	 <services>
		<rest defaultRestSubcontext="/rest" />
	  </services>
	  
	  <modules>
	  
	  	<spring-app disabled="true">
	  	<springImport uri="classpath:application.xml"/>
	  	</spring-app>
	  	
	  	<docs docsDir="/docs" splashPackage="com.quickbuild.QuickBuild.rest" title="Greetings Web Service API" copyright="quickbuild">
	  	</docs>
	  	
	  </modules>

</enunciate>