<?xml version="1.0" encoding="UTF-8"?>
<!DOCTYPE log4j:configuration SYSTEM "log4j.dtd">
<log4j:configuration xmlns:log4j="http://jakarta.apache.org/log4j/" debug="false">
   <!--====================================================================-->
   <!--    Appenders     -->
   <!-- %d{dd-MMM-yy HH:mm:ss} %-5p [%c{1}] %m%n  -->
    
    <appender name="CONSOLE" class="org.apache.log4j.ConsoleAppender">
        <param name="Target" value="System.out"/>
        <layout class="org.apache.log4j.PatternLayout">
                <param name="ConversionPattern" value="%d{ISO8601} %t %-5p %c{2} - %m%n"/>
            <!--param name="ConversionPattern" value="%d{ISO8601} %p [%c{1}] - %m (%F:%M:%L)%n"/-->
        </layout>
    </appender>

    <appender name="FILE" class="org.apache.log4j.DailyRollingFileAppender">
        <param name="DatePattern" value="'.'yyyy-MM-dd"/>
        <param name="File" value="logs/QuickBuild/QuickBuild.log"/>
        <param name="Append" value="true"/>
        <layout class="org.apache.log4j.PatternLayout">
            <param name="ConversionPattern" value="%d{ISO8601} %t %-5p %c{2} - %m%n"/>
        </layout>
    </appender>


    
    <!--====================================================================-->
    <!--    Logging Levels     -->

     <category name="com.quickbuild">
      <priority value="DEBUG"/>
    </category>
  
     <category name="org.apache">
      <priority value="ERROR"/>
    </category>

     <category name="org.springframework">
      <priority value="ERROR"/>
    </category>

     <category name="org.hibernate">
      <priority value="ERROR"/>
    </category>
  

      
  
    
    
    <!--===================================================================-->
    <!--    Appender Assignments     -->
    <root>
        <priority value="ERROR"/>
        <appender-ref ref="FILE"/>
    </root>
</log4j:configuration>

